﻿Count ID,LEA Name,LEA ID,GEO ID,County Trimmed,County,County ID Trimmed,County ID
1,Alamance-Burlington Schools,10,3700030,Alamance,Alamance,37001,0500000US37001
2,Alexander County Schools,20,3700090,Alexander,Alexander,37003,0500000US37003
3,Alleghany County Schools,30,3700120,Alleghany,Alleghany,37005,0500000US37005
4,Anson County Schools,40,3700180,Anson,Anson,37007,0500000US37007
5,Ashe County Schools,50,3700210,Ashe,Ashe,37009,0500000US37009
6,Avery County Schools,60,3700360,Avery,Avery,37011,0500000US37011
7,Beaufort County Schools,70,3700390,Beaufort,Beaufort,37013,0500000US37013
8,Bertie County Schools,80,3700420,Bertie,Bertie,37015,0500000US37015
9,Bladen County Schools,90,3700450,Bladen,Bladen,37017,0500000US37017
10,Brunswick County Schools,100,3700270,Brunswick,Brunswick,37019,0500000US37019
11,Buncombe County Schools,110,3700480,Buncombe,Buncombe,37021,0500000US37021
12,Asheville City Schools,111,3700330,Buncombe,Buncombe,37021,0500000US37021
13,Burke County Schools,120,3700530,Burke,Burke,37023,0500000US37023
14,Cabarrus County Schools,130,3702430,Cabarrus,Cabarrus,37025,0500000US37025
15,Kannapolis City Schools,132,3702340,Cabarrus,Cabarrus,37025,0500000US37025
16,Caldwell County Schools,140,3700580,Caldwell,Caldwell,37027,0500000US37027
17,Camden County Schools,150,3700600,Camden,Camden,37029,0500000US37029
18,Carteret County Schools,160,3700630,Carteret,Carteret,37031,0500000US37031
19,Caswell County Schools,170,3700660,Caswell,Caswell,37033,0500000US37033
20,Catawba County Schools,180,3700690,Catawba,Catawba,37035,0500000US37035
21,Hickory City Schools,181,3702040,Catawba,Catawba,37035,0500000US37035
22,Newton-Conover City Schools,182,3703420,Catawba,Catawba,37035,0500000US37035
23,Chatham County Schools,190,3700750,Chatham,Chatham,37037,0500000US37037
24,Cherokee County Schools,200,3700780,Cherokee,Cherokee,37039,0500000US37039
25,Edenton-Chowan County Schools,210,3701170,Chowan,Chowan,37041,0500000US37041
26,Clay County Schools,220,3700840,Clay,Clay,37043,0500000US37043
27,Cleveland County Schools,230,3700870,Cleveland,Cleveland,37045,0500000US37045
28,Columbus County Schools,240,3700960,Columbus,Columbus,37047,0500000US37047
29,Whiteville City Schools,241,3704880,Columbus,Columbus,37047,0500000US37047
30,Craven County Schools,250,3704920,Craven,Craven,37049,0500000US37049
31,Cumberland County Schools,260,3703310,Cumberland,Cumberland,37051,0500000US37051
32,Currituck County Schools,270,3700011,Currituck,Currituck,37053,0500000US37053
33,Dare County Schools,280,3701080,Dare,Dare,37055,0500000US37055
34,Davidson County Schools,290,3701110,Davidson,Davidson,37057,0500000US37057
35,Lexington City Schools,291,3702560,Iredell,Davidson,37097,0500000US37097
36,Thomasville City Schools,292,3701380,Davidson,Davidson,37057,0500000US37057
37,Davie County Schools,300,3701140,Davie,Davie,37059,0500000US37059
38,Duplin County Schools,310,3702640,Duplin,Duplin,37061,0500000US37061
39,Durham County Schools,320,3704500,Durham,Durham,37063,0500000US37063
40,Edgecombe County Schools,330,3701200,Edgecombe,Edgecombe,37065,0500000US37065
41,Forsyth County Schools,340,3701320,Forsyth,Forsyth,37067,0500000US37067
42,Franklin County Schools,350,3701500,Franklin,Franklin,37069,0500000US37069
43,Gaston County Schools,360,3701530,Gaston,Gaston,37071,0500000US37071
44,Gates County Schools,370,3701620,Gates,Gates,37073,0500000US37073
45,Graham County Schools,380,3701680,Graham,Graham,37075,0500000US37075
46,Granville County Schools,390,3701770,Granville,Granville,37077,0500000US37077
47,Greene County Schools,400,3701800,Greene,Greene,37079,0500000US37079
48,Guilford County Schools,410,3701830,Guilford,Guilford,37081,0500000US37081
49,Halifax County Schools,420,3701920,Halifax,Halifax,37083,0500000US37083
50,Roanoke Rapids City Schools,421,3703870,Halifax,Halifax,37083,0500000US37083
51,Weldon City Schools,422,3704830,Halifax,Halifax,37083,0500000US37083
52,Harnett County Schools,430,3701950,Harnett,Harnett,37085,0500000US37085
53,Haywood County Schools,440,3703900,Haywood,Haywood,37087,0500000US37087
54,Henderson County Schools,450,3704890,Henderson,Henderson,37089,0500000US37089
55,Hertford County Schools,460,3702010,Hertford,Hertford,37091,0500000US37091
56,Hoke County Schools,470,3702100,Hoke,Hoke,37093,0500000US37093
57,Hyde County Schools,480,3702160,Hyde,Hyde,37095,0500000US37095
58,Iredell-Statesville Schools,490,3702250,Iredell,Iredell,37097,0500000US37097
59,Mooresville City Schools,491,3703060,Iredell,Iredell,37097,0500000US37097
60,Jackson County Schools,500,3702280,Jackson,Jackson,37099,0500000US37099
61,Johnston County Schools,510,3702310,Johnston,Johnston,37101,0500000US37101
62,Jones County Schools,520,3703120,Jones,Jones,37103,0500000US37103
63,Lee County Schools,530,3702370,Lee,Lee,37105,0500000US37105
64,Lenoir County Schools,540,3702400,Lenoir,Lenoir,37107,0500000US37107
65,Lincoln County Schools,550,3702610,Lincoln,Lincoln,37109,0500000US37109
66,Macon County Schools,560,3702680,Macon,Macon,37113,0500000US37113
67,Madison County Schools,570,3702760,Madison,Madison,37115,0500000US37115
68,Martin County Schools,580,3702820,Martin,Martin,37117,0500000US37117
69,McDowell County Schools,590,3702880,McDowell,McDowell,37111,0500000US37111
70,Charlotte-Mecklenburg County Schools,600,3703360,Mecklenburg,Mecklenburg,37119,0500000US37119
71,Mitchell County Schools,610,3702940,Mitchell,Mitchell,37121,0500000US37121
72,Montgomery County Schools,620,3702970,Montgomery,Montgomery,37123,0500000US37123
73,Moore County Schools,630,3703000,Moore,Moore,37125,0500000US37125
74,Nash-Rocky Mount Schools,640,3703270,Nash,Nash,37127,0500000US37127
75,New Hanover County Schools,650,3703330,New Hanover,New Hanover,37129,0500000US37129
76,Northampton County Schools,660,3703450,Northampton,Northampton,37131,0500000US37131
77,Onslow County Schools,670,3703480,Onslow,Onslow,37133,0500000US37133
78,Orange County Schools,680,3700720,Orange,Orange,37135,0500000US37135
79,Chapel-Hill/Carrboro City Schools,681,3702190,Orange,Orange,37135,0500000US37135
80,Pamlico County Schools,690,3703510,Pamlico,Pamlico,37137,0500000US37137
81,Pasquotank County Schools,700,3703540,Pasquotank,Pasquotank,37139,0500000US37139
82,Pender County Schools,710,3703570,Pender,Pender,37141,0500000US37141
83,Perquimans County Schools,720,3703600,Perquimans,Perquimans,37143,0500000US37143
84,Person County Schools,730,3703630,Person,Person,37145,0500000US37145
85,Pitt County Schools,740,3700012,Pitt,Pitt,37147,0500000US37147
86,Polk County Schools,750,3703720,Polk,Polk,37149,0500000US37149
87,Randolph County Schools,760,3703780,Randolph,Randolph,37151,0500000US37151
88,Asheboro City Schools,761,3700300,Randolph,Randolph,37151,0500000US37151
89,Richmond County Schools,770,3700240,Richmond,Richmond,37153,0500000US37153
90,Robeson County Schools,780,3703930,Robeson,Robeson,37155,0500000US37155
91,Rockingham County Schools,790,3703990,Rockingham,Rockingham,37157,0500000US37157
92,Rowan-Salisbury County Schools,800,3704050,Rowan,Rowan,37159,0500000US37159
93,Rutherford County Schools,810,3704080,Rutherford,Rutherford,37161,0500000US37161
94,Sampson County Schools,820,3704140,Sampson,Sampson,37163,0500000US37163
95,Clinton City Schools,821,3700900,Sampson,Sampson,37163,0500000US37163
96,Scotland County Schools,830,3700930,Scotland,Scotland,37165,0500000US37165
97,Stanly County Schools,840,3704200,Stanly,Stanly,37167,0500000US37167
98,Stokes County Schools,850,3704320,Stokes,Stokes,37169,0500000US37169
99,Surry County Schools,860,3704380,Surry,Surry,37171,0500000US37171
100,Elkin City Schools,861,3701260,Wilkes,Wilkes,37193,0500000US37193
101,Mount Airy City Schools,862,3703090,Surry,Surry,37171,0500000US37171
102,Swain County Schools,870,3704410,Swain,Swain,37173,0500000US37173
103,Transylvania County Schools,880,3703210,Transylvania,Transylvania,37175,0500000US37175
104,Tyrrell County Schools,890,3704440,Tyrrell,Tyrrell,37177,0500000US37177
105,Union County Schools,900,3704530,Union,Union,37179,0500000US37179
106,Vance County Schools,910,3704590,Vance,Vance,37181,0500000US37181
107,Wake County Schools,920,3704620,Wake,Wake,37183,0500000US37183
108,Warren County Schools,930,3704650,Warren,Warren,37185,0500000US37185
109,Washington County Schools,940,3704720,Washington,Washington,37187,0500000US37187
110,Watauga County Schools,950,3704740,Watauga,Watauga,37189,0500000US37189
111,Wayne County Schools,960,3704800,Wayne,Wayne,37191,0500000US37191
112,Wilkes County Schools,970,3704950,Wilkes,Wilkes,37193,0500000US37193
113,Wilson County Schools,980,3705020,Wilson,Wilson,37195,0500000US37195
114,Yadkin County Schools,990,3705040,Yadkin,Yadkin,37197,0500000US37197
115,Yancey County Schools,995,3705070,Yancey,Yancey,37199,0500000US37199