﻿OBJECTID,FIPSCODE,FIPSNUM,NAME,LABEL,TYPE,DCODE,ISD,SQKM,SQMILES,ACRES,VER,LAYOUT,PENINSULA,ShapeSTArea,ShapeSTLength
1,2160,2160,Alcona Community Schools,Alcona,School,1010,4,1028.616,397.149,254173.733,17A,landscape,lower,1028615680,171352.5526
2,7470,7470,Burt Township School District,Burt Township,School,2020,52,617.903,238.572,152685.447,17A,landscape,upper,617902735.7,112874.7623
3,3660,3660,AuTrain-Onota Public Schools,Autrain-Onota,School,2010,52,405.759,156.664,100264.223,17A,portrait,upper,405759284.1,130941.5329
4,19,19,Superior Central Schools,Superior Central,School,2080,52,592.978,228.949,146526.572,17A,landscape,upper,592978383.2,113244.4469
5,18570,18570,Hopkins Public Schools,Hopkins,School,3070,3,246.277,95.088,60855.792,17A,portrait,lower,246277302.8,120195.7087
6,30960,30960,Saugatuck Public Schools,Saugatuck,School,3080,70,57.253,22.105,14147.279,17A,portrait,lower,57252622.81,59811.24174
7,17400,17400,Hamilton Community Schools,Hamilton,School,3100,70,332.714,128.461,82214.496,17A,landscape,lower,332713842.4,158622.8519
8,2220,2220,Allegan Public Schools,Allegan,School,3030,3,404.571,156.205,99970.534,17A,portrait,lower,404570756,154075.2145
9,14230,14230,Fennville Public Schools,Fennville,School,3050,3,295.458,114.077,73008.521,17A,landscape,lower,295458182.7,104540.9558
10,15510,15510,Glenn Public School District,Glenn,School,3440,3,11.471,4.429,2834.413,17A,landscape,lower,11470585.9,15016.69255
11,8610,8610,Central Lake Public Schools,Central Lake,School,5035,15,161.578,62.385,39926.392,17A,landscape,lower,161578116.8,74547.15517
12,2040,2040,Alba Public Schools,Alba,School,5010,28,171.482,66.209,42373.717,17A,landscape,lower,171482193.9,91227.48989
13,4620,4620,Bellaire Public Schools,Bellaire,School,5040,28,193.839,74.841,47898.103,17A,landscape,lower,193838834.2,63499.51434
14,3060,3060,Arenac Eastern School District,Arenac Eastern,School,6010,9,228.148,88.088,56376.004,17A,landscape,lower,228148048.4,108621.0765
15,3600,3600,Au Gres-Sims School District,Au Gres-Sims,School,6020,9,180.773,69.797,44669.579,17A,landscape,lower,180773321.1,128355.0222
16,3270,3270,Arvon Township School District,Arvon Township,School,7010,31,323.078,124.74,79833.346,17A,portrait,upper,323077566.7,120297.0623
17,3900,3900,Bangor Township Schools,Bangor Township,School,9030,9,38.541,14.881,9523.665,17A,portrait,lower,38541318.17,42905.84838
18,13530,13530,Essexville-Hampton Public Schools,Essexville-Hampton,School,9050,9,50.098,19.343,12379.412,17A,landscape,lower,50098242.32,66953.65917
19,14790,14790,Frankfort-Elberta Area Schools,Frankfort-Elberta,School,10025,28,129.181,49.877,31921.026,17A,portrait,lower,129181200.1,69079.84758
20,17340,17340,Hagar Township S/D #6,Hagar Township #6,School,11670,11,6.822,2.634,1685.627,17A,portrait,lower,6821563.676,14596.17829
21,4830,4830,Benton Harbor Area Schools,Benton Harbor,School,11010,11,152.299,58.803,37633.608,17A,portrait,lower,152299447.5,77849.87356
22,32850,32850,St. Joseph Public Schools,St. Joseph,School,11020,11,43.866,16.937,10839.487,17A,portrait,lower,43866321.06,46395.3272
23,20820,20820,Lakeshore School District (Berrien),Lakeshore,School,11030,11,95.971,37.054,23714.663,17A,portrait,lower,95970867.86,63575.97008
24,32070,32070,Sodus Township S/D #5,Sodus Township #5,School,11830,11,6.967,2.69,1721.559,17A,portrait,lower,6966978.65,15273.47155
25,5430,5430,Berrien Springs Public Schools,Berrien Springs,School,11240,11,152.397,58.84,37657.627,17A,landscape,lower,152396652.1,80373.69796
26,6840,6840,Bridgman Public Schools,Bridgman,School,11340,11,50.771,19.603,12545.696,17A,portrait,lower,50771179.28,39129.65447
27,29790,29790,River Valley School District,River Valley,School,11033,11,277.606,107.184,68597.126,17A,landscape,lower,277605708.7,93347.5076
28,7140,7140,Buchanan Community Schools,Buchanan,School,11310,11,194.138,74.957,47971.911,17A,landscape,lower,194137527.1,69786.68077
29,25140,25140,New Buffalo Area Schools,New Buffalo,School,11200,11,59.735,23.064,14760.583,17A,landscape,lower,59734603.11,38445.4154
30,10140,10140,Coldwater Community Schools,Coldwater,School,12010,12,373.112,144.059,92196.96,17A,portrait,lower,373111877.8,163527.8532
31,5,5,Battle Creek Public Schools,Battle Creek,School,13020,13,108.978,42.077,26928.817,17A,portrait,lower,108978228.8,86314.01677
32,22830,22830,Mar Lee School District,Mar Lee,School,13095,13,96.951,37.433,23956.834,17A,portrait,lower,96950910.22,70363.77561
33,20850,20850,Lakeview Sch. District (Calhoun),Lakeview,School,13090,13,40.872,15.781,10099.567,17A,landscape,lower,40871937.99,30094.2683
34,17730,17730,Harper Creek Community Schools,Harper Creek,School,13070,13,195.095,75.326,48208.492,17A,portrait,lower,195094947.6,93936.22528
35,12990,12990,Edwardsburg Public Schools,Edwardsburg,School,14030,14,165.566,63.925,40911.811,17A,landscape,lower,165566007,75004.66799
36,8430,8430,Cassopolis Public Schools,Cassopolis,School,14010,14,335.207,129.423,82830.464,17A,landscape,lower,335206606.5,117559.7301
37,4350,4350,Beaver Island Community School,Beaver Island,School,15010,15,193.154,74.577,47728.968,17A,landscape,lower,193154362.1,181446.1685
38,8910,8910,Cheboygan Area Schools,Cheboygan,School,16015,16,699.238,269.976,172783.723,17A,landscape,lower,699238447.2,166099.9251
39,19170,19170,Inland Lakes Schools,Inland Lakes,School,16050,16,421.025,162.558,104036.508,17A,portrait,lower,421025345.5,132736.4508
40,36480,36480,Wolverine Community Schools,Wolverine,School,16100,16,424.063,163.731,104787.015,17A,landscape,lower,424062571.8,100048.5214
41,36240,36240,Whitefish Township Schools,Whitefish Township,School,17160,17,636.692,245.827,157328.305,17A,portrait,upper,636691917.4,127804.3417
42,30990,30990,Sault Ste. Marie Area Schools,Sault Ste. Marie,School,17010,17,702.096,271.079,173489.798,17A,portrait,upper,702095862.1,133332.1174
43,6900,6900,Brimley Area Schools,Brimley,School,17140,17,766.296,295.867,189353.829,17A,landscape,upper,766296011,170729.908
44,11970,11970,DeTour Area Schools,DeTour,School,17050,17,951.285,367.291,235065.057,17A,landscape,upper,951284778.1,298601.9527
45,14700,14700,Fowler Public Schools,Fowler,School,19070,19,139.153,53.727,34385.085,17A,portrait,lower,139153001.7,116523.227
46,11550,11550,DeWitt Public Schools,DeWitt,School,19010,19,47.602,18.379,11762.533,17A,landscape,lower,47601794.93,51845.9165
47,15970,15970,Gladstone Area Schools,Gladstone,School,21025,21,230.961,89.174,57071.151,17A,landscape,upper,230961240.5,88516.44827
48,29340,29340,Rapid River Public Schools,Rapid River,School,21060,21,761.535,294.029,188177.357,17A,portrait,upper,761534944.3,186782.5444
49,30480,30480,North Dickinson County Schools,North Dickinson County,School,22045,22,1310.699,506.061,323877.228,17A,landscape,upper,1310698755,164341.2298
50,6720,6720,Breitung Township Schools,Breitung Township,School,22030,22,188.442,72.758,46564.573,17A,portrait,upper,188442171,97587.86936
51,19410,19410,Iron Mountain Public Schools,Iron Mountain,School,22010,22,19.854,7.665,4905.854,17A,landscape,upper,19853502.07,20810.07924
52,26430,26430,Oneida Township S/D #3,Oneida Township #3,School,23490,23,7.282,2.812,1799.491,17A,landscape,lower,7282359.101,27724.53714
53,29160,29160,Potterville Public Schools,Potterville,School,23090,23,41.26,15.93,10195.381,17A,landscape,lower,41259687.87,78613.10775
54,8770,8770,Charlotte Public Schools,Charlotte,School,23030,23,340.157,131.335,84053.737,17A,landscape,lower,340157069.1,226183.7463
55,17700,17700,Harbor Springs School District,Harbor Springs,School,24020,15,298.384,115.206,73731.551,17A,portrait,lower,298384214.2,103020.1262
56,21810,21810,Alanson Public Schools,Alanson,School,24030,15,108.686,41.964,26856.532,17A,portrait,lower,108685700.5,61207.901
57,24720,24720,Mt. Morris Consolidated Schools,Mt. Morris,School,25040,25,74.238,28.663,18344.468,17A,landscape,lower,74238229.15,85015.35009
58,15750,15750,Genesee School District,Genesee,School,25070,25,16.562,6.395,4092.523,17A,portrait,lower,16562030.13,38189.88745
59,14550,14550,Flushing Community Schools,Flushing,School,25120,25,141.616,54.678,34993.749,17A,landscape,lower,141616202.9,65746.40132
60,20070,20070,Kearsley Community Schools,Kearsley,School,25110,25,56.026,21.632,13844.113,17A,landscape,lower,56025739.7,51159.48937
61,4500,4500,Beecher Community School District,Beecher,School,25240,25,13.036,5.033,3221.215,17A,landscape,lower,13035936.94,16142.8099
62,35970,35970,Westwood Heights Schools,Westwood Heights,School,25210,25,25.625,9.894,6331.931,17A,landscape,lower,25624690.27,27099.40312
63,14520,14520,Flint City School District,Flint,School,25010,25,78.783,30.418,19467.502,17A,portrait,lower,78783031.92,42520.77645
64,7890,7890,Carman-Ainsworth Community Schools,Carman-Ainsworth,School,25080,25,69.133,26.692,17082.909,17A,portrait,lower,69132823.26,75851.27078
65,4800,4800,Bentley Community Schools,Bentley,School,25230,25,14.455,5.581,3571.923,17A,landscape,lower,14455216.9,18983.16324
66,3540,3540,Atherton Community Schools,Atherton,School,25130,25,23.608,9.115,5833.487,17A,portrait,lower,23607536.55,34128.67622
67,33420,33420,Swartz Creek Community Schools,Swartz Creek,School,25180,25,185.043,71.445,45724.674,17A,portrait,lower,185043184.9,126498.6327
68,4740,4740,Bendle Public Schools,Bendle,School,25060,25,5.366,2.072,1325.944,17A,portrait,lower,5365963.902,9819.303358
69,20670,20670,Lake Fenton Community Schools,Lake Fenton,School,25200,25,66.93,25.842,16538.514,17A,portrait,lower,66929711.85,60609.97986
70,35010,35010,Wakefield-Marenisco School District,Wakefield-Marenisco,School,27070,27,1337.209,516.297,330427.881,17A,portrait,upper,1337208590,209909.5351
71,19470,19470,Ironwood Area Schools,Ironwood,School,27020,27,595.421,229.892,147130.129,17A,portrait,upper,595420919.9,177334.6523
72,6,6,Bessemer Area School District,Bessemer,School,27010,27,312.357,120.601,77184.373,17A,portrait,upper,312357439.2,106698.388
73,35340,35340,Watersmeet Township School District,Watersmeet Township,School,27080,27,719.724,277.886,177845.75,17A,landscape,upper,719723964.5,118666.1059
74,19580,19580,Ithaca Public Schools,Ithaca,School,29060,29,401.628,155.069,99243.333,17A,landscape,lower,401627845.9,260752.8258
75,18390,18390,Hillsdale Community Schools,Hillsdale,School,30020,30,181.563,70.102,44864.692,17A,landscape,lower,181562923.4,114178.1209
76,28500,28500,Pittsford Area Schools,Pittsford,School,30060,30,206.067,79.563,50919.839,17A,portrait,lower,206067495.6,103448.5893
77,17550,17550,Hancock Public Schools,Hancock,School,31010,31,114.309,44.135,28246.038,17A,portrait,upper,114308891.3,55816.24707
78,26940,26940,Dollar Bay-Tamarack City Area Schools,Dollar Bay-Tamarack City,School,31100,31,81.293,31.387,20087.599,17A,portrait,upper,81292505.99,46322.19749
79,32970,32970,Stanton Township Public Schools,Stanton Township,School,31140,31,320.747,123.841,79257.521,17A,portrait,upper,320747260.5,98602.90195
80,28890,28890,Houghton-Portage Township Schools,Houghton-Portage Township,School,31110,31,258.388,99.764,63848.428,17A,portrait,upper,258388204.7,112121.8918
81,8880,8880,Chassell Township School District,Chassell Township,School,31050,31,133.813,51.665,33065.636,17A,portrait,upper,133813323.7,46739.60867
82,13140,13140,Elm River Township School District,Elm River Township,School,31070,31,241.427,93.215,59657.266,17A,portrait,upper,241426990.3,67593.93714
83,28810,28810,Port Hope Community Schools,Port Hope,School,32130,32,131.916,50.933,32596.771,17A,portrait,lower,131915871.5,115061.9098
84,8280,8280,Caseville Public Schools,Caseville,School,32030,32,24.89,9.61,6150.354,17A,landscape,lower,24889868.26,78799.95845
85,13090,13090,Elkton-Pigeon-Bay Port Laker Schools,Elkton-Pigeon-Bay Port,School,32050,32,511.458,197.474,126382.777,17A,portrait,lower,511458460.7,264080.9052
86,17,17,Bad Axe Public Schools,Bad Axe,School,32010,32,232.722,89.854,57506.279,17A,portrait,lower,232722158.8,168241.6579
87,9630,9630,Church School District,Church,School,32040,32,19.957,7.705,4931.345,17A,portrait,lower,19956658.76,26535.52687
88,25780,25780,North Huron School District,North Huron,School,32080,32,347.833,134.298,85950.424,17A,landscape,lower,347832769.5,303991.3991
89,11,11,Sigel Township S/D #4F,Sigel Township #4F,School,32620,32,20.384,7.87,5036.866,17A,portrait,lower,20383693.05,34255.30998
90,10230,10230,Colfax Township S/D #1F,Colfax Township #1F,School,32260,32,14.429,5.571,3565.45,17A,portrait,lower,14429018.43,19197.43485
91,10,10,Sigel Township S/D #3F,Sigel Township #3F,School,32610,32,60.758,23.459,15013.364,17A,portrait,lower,60757584.4,63941.40315
92,31830,31830,Sigel Township S/D #6,Sigel Township #6,School,32630,32,16.767,6.474,4143.277,17A,portrait,lower,16767427.14,19950.58146
93,34860,34860,Verona Township S/D #1F,Verona Township #1F,School,32650,32,17.689,6.83,4371.119,17A,portrait,lower,17689480.47,28067.48889
94,36420,36420,Williamston Community Schools,Williamston,School,33230,33,153.305,59.191,37882.174,17A,landscape,lower,153305371.8,76685.9861
95,26280,26280,Okemos Public Schools,Okemos,School,33170,33,59.034,22.793,14587.369,17A,landscape,lower,59033623.92,49571.99725
96,23070,23070,Mason Public Schools (Ingham),Mason,School,33130,33,279.577,107.945,69084.334,17A,portrait,lower,279577390.6,120191.5782
97,11400,11400,Dansville Schools,Dansville,School,33040,33,227.472,87.827,56208.849,17A,portrait,lower,227471589.4,100955.7689
98,12660,12660,Easton Township S/D #6,Easton Township #6,School,34340,34,11.357,4.385,2806.386,17A,portrait,lower,11357161.84,16461.27561
99,19290,19290,Ionia Township S/D #2,Ionia Township #2,School,34360,34,7.327,2.829,1810.61,17A,portrait,lower,7327357.723,14301.95763
100,30930,30930,Saranac Community Schools,Saranac,School,34120,34,186.582,72.039,46104.943,17A,portrait,lower,186582094,120728.7214
101,19250,19250,Ionia Public Schools,Ionia,School,34010,34,347.454,134.152,85856.881,17A,portrait,lower,347454212,189280.6715
102,5100,5100,Berlin Township S/D #3,Berlin Township #3,School,34140,34,15.761,6.085,3894.623,17A,portrait,lower,15761150.25,22827.35878
103,32910,32910,West Iron County Public Schools,West Iron County,School,36025,22,1485.886,573.701,367166.379,17A,portrait,upper,1485885620,185016.3684
104,11190,11190,Forest Park School District,Forest Park,School,36015,22,1650.267,637.169,407785.394,17A,portrait,upper,1650266713,193788.4146
105,4290,4290,Beal City Public Schools,Beal City,School,37040,29,123.31,47.61,30470.318,17A,portrait,lower,123310328.9,146065.8605
106,24750,24750,Mt. Pleasant City School District,Mt. Pleasant,School,37010,29,344.835,133.141,85209.546,17A,portrait,lower,344834513.2,272289.0696
107,12540,12540,East Jackson Community Schools,East Jackson,School,38090,38,91.274,35.241,22554.156,17A,portrait,lower,91274412.45,70315.91986
108,35940,35940,Western School District,Western,School,38010,38,174.959,67.552,43232.856,17A,landscape,lower,174959046.5,99305.07544
109,19620,19620,Jackson Public Schools,Jackson,School,38170,38,101.188,39.069,25003.737,17A,portrait,lower,101187623.3,75947.04551
110,23790,23790,Michigan Center School District,Michigan Center,School,38120,38,41.23,15.919,10188.041,17A,landscape,lower,41229982.05,40535.94367
111,10650,10650,Concord Community Schools,Concord,School,38080,38,180.933,69.858,44709.159,17A,portrait,lower,180933495.2,120129.4144
112,24960,24960,Napoleon Community Schools,Napoleon,School,38130,38,121.466,46.898,30014.542,17A,landscape,lower,121465848.1,72893.03146
113,34650,34650,Vandercook Lake Public Schools,Vandercook Lake,School,38020,38,13.599,5.251,3360.33,17A,portrait,lower,13598920.05,18857.69614
114,27420,27420,Parchment School District,Parchment,School,39130,39,37.942,14.649,9375.471,17A,portrait,lower,37941593.02,44972.97253
115,15450,15450,Galesburg-Augusta Community Schools,Galesburg-Augusta,School,39050,39,138.428,53.447,34205.897,17A,portrait,lower,138427845.9,74965.25908
116,10590,10590,Comstock Public Schools,Comstock,School,39030,39,66.751,25.772,16494.239,17A,portrait,lower,66750537.1,56829.39578
117,19950,19950,Kalamazoo Public School District,Kalamazoo,School,39010,39,142.55,55.039,35224.526,17A,landscape,lower,142550133.6,91111.30709
118,28950,28950,Portage Public Schools,Portage,School,39140,39,110.881,42.811,27398.929,17A,landscape,lower,110880724.5,64077.15754
119,31020,31020,Schoolcraft Community Schools,Schoolcraft,School,39160,39,131.868,50.914,32584.873,17A,landscape,lower,131867721.5,63559.07737
120,20050,20050,Kalkaska Public Schools,Kalkaska,School,40040,28,1152.373,444.932,284754.446,17A,portrait,lower,1152372767,265241.7549
121,13680,13680,Excelsior Township S/D #1,Excelsior Township #1,School,40060,28,47.582,18.372,11757.713,17A,landscape,lower,47582289.16,37074.67673
122,30030,30030,Rockford Public Schools,Rockford,School,41210,41,226.576,87.481,55987.48,17A,landscape,lower,226575732.3,103620.1205
123,10620,10620,Comstock Park Public Schools,Comstock Park,School,41080,41,25.623,9.893,6331.575,17A,portrait,lower,25623251.5,39025.62931
124,25950,25950,Northview Public School District,Northview,School,41025,41,36.378,14.045,8989.012,17A,landscape,lower,36377634.53,34651.70463
125,14610,14610,Forest Hills Public Schools,Forest Hills,School,41110,41,157.553,60.831,38931.803,17A,portrait,lower,157553113.9,121525.7096
126,12480,12480,East Grand Rapids Public Schools,East Grand Rapids,School,41090,41,9.561,3.691,2362.506,17A,portrait,lower,9560825.542,14501.04546
127,36570,36570,Wyoming Public Schools,Wyoming,School,41026,41,28.837,11.134,7125.636,17A,portrait,lower,28836734.77,38846.01623
128,16080,16080,Godfrey-Lee Public Schools,Godfrey-Lee,School,41120,41,3.73,1.44,921.757,17A,portrait,lower,3730256.794,9982.659548
129,20340,20340,Kentwood Public Schools,Kentwood,School,41160,41,62.488,24.127,15440.93,17A,landscape,lower,62487897.59,59886.86563
130,16110,16110,Godwin Heights Public Schools,Godwin Heights,School,41020,41,9.602,3.707,2372.751,17A,landscape,lower,9602286.768,19432.22631
131,20160,20160,Kelloggsville Public Schools,Kelloggsville,School,41140,41,10.5,4.054,2594.47,17A,landscape,lower,10499560.13,18712.57719
132,16440,16440,Grand Rapids Public Schools,Grand Rapids,School,41010,41,111.529,43.061,27559.149,17A,portrait,lower,111529120.2,92701.51918
133,7560,7560,Byron Center Public Schools,Byron Center,School,41040,41,105.301,40.657,26020.099,17A,landscape,lower,105300739.1,54467.27282
134,16560,16560,Grant Township S/D #2,Grant Township #2,School,42030,31,319.993,123.549,79071.129,17A,landscape,upper,319992951.8,130616.9691
135,25680,25680,North Branch Area Schools,North Branch,School,44090,44,326.247,125.964,80616.458,17A,portrait,lower,326246742.7,120443.2721
136,21180,21180,Lapeer Community Schools,Lapeer,School,44010,44,528.004,203.863,130471.341,17A,portrait,lower,528004472.4,189364.5385
137,19100,19100,Imlay City Community Schools,Imlay City,School,44060,44,269.345,103.994,66555.92,17A,portrait,lower,269345154.2,139677.2638
138,12240,12240,Dryden Community Schools,Dryden,School,44050,44,90.977,35.126,22480.714,17A,landscape,lower,90977202.97,66097.56903
139,25920,25920,Northport Public School District,Northport,School,45040,28,124.804,48.187,30839.4,17A,portrait,lower,124803967.2,108373.8826
140,21390,21390,Leland Public School District,Leland,School,45020,28,195.013,75.295,48188.226,17A,landscape,lower,195012929.9,121144.6393
141,33360,33360,Suttons Bay Public Schools,Suttons Bay,School,45050,28,130.049,50.212,32135.498,17A,portrait,lower,130049145.8,79533.45861
142,26520,26520,Onsted Community Schools,Onsted,School,46110,46,247.059,95.389,61048.869,17A,portrait,lower,247058667.2,133472.7491
143,33720,33720,Tecumseh Public Schools,Tecumseh,School,46140,46,202.571,78.213,50055.94,17A,landscape,lower,202571382.5,134474.2426
144,1950,1950,Adrian City School District,Adrian,School,46010,46,179.014,69.117,44234.773,17A,landscape,lower,179013702.4,146165.7066
145,22320,22320,Madison School District (Lenawee),Madison,School,46090,46,32.896,12.701,8128.642,17A,portrait,lower,32895800.58,34723.65122
146,30780,30780,Sand Creek Community Schools,Sand Creek,School,46130,46,203.053,78.399,50174.958,17A,portrait,lower,203053036.6,101524.8013
147,24570,24570,Morenci Area Schools,Morenci,School,46100,46,190.849,73.687,47159.263,17A,landscape,lower,190848821.4,103373.7082
148,17910,17910,Hartland Consolidated Schools,Hartland,School,47060,47,242.934,93.797,60029.639,17A,portrait,lower,242933947.3,121745.1996
149,18720,18720,Howell Public Schools,Howell,School,47070,47,411.03,158.699,101566.75,17A,portrait,lower,411030478.9,180227.9541
150,6870,6870,Brighton Area Schools,Brighton,School,47010,47,149.015,57.535,36822.122,17A,landscape,lower,149015444.4,77595.21478
151,15600,15600,Engadine Consolidated Schools,Engadine,School,49055,17,1154.884,445.901,285375.045,17A,landscape,upper,1154884268,220641.7531
152,21420,21420,Les Cheneaux Community Schools,Les Cheneaux,School,49040,17,316.509,122.204,78210.144,17A,landscape,upper,316508633.1,314162.746
153,12,12,St. Ignace Area Schools,St. Ignace,School,49010,17,430.845,166.349,106462.98,17A,portrait,upper,430845033.4,154779.5825
154,22230,22230,Mackinac Island Public Schools,Mackinac Island,School,49110,17,11.09,4.282,2740.383,17A,portrait,upper,11090055.32,21299.32502
155,24540,24540,Moran Township School District,Moran Township,School,49070,17,344.39,132.969,85099.65,17A,portrait,upper,344389775.6,142477.2408
156,6300,6300,Bois Blanc Pines School District,Bois Blanc Pines,School,49020,17,95.746,36.968,23659.122,17A,landscape,upper,95746102.57,58945.08319
157,25230,25230,New Haven Community Schools,New Haven,School,50170,50,123.819,47.807,30596.121,17A,landscape,lower,123819443.8,75200.52126
158,34470,34470,Utica Community Schools,Utica,School,50210,50,174.593,67.41,43142.288,17A,portrait,lower,174592524.8,75427.03869
159,21870,21870,L'Anse Creuse Public Schools,L'Anse Creuse,School,50140,50,91.559,35.351,22624.568,17A,portrait,lower,91559365.77,77898.72198
160,9570,9570,Chippewa Valley Schools,Chippewa Valley,School,50080,50,71.534,27.619,17676.158,17A,portrait,lower,71533641.74,49240.77878
161,24690,24690,Mt. Clemens Community School District,Mt. Clemens,School,50160,50,15.947,6.157,3940.624,17A,portrait,lower,15947313.14,26185.16897
162,14820,14820,Fraser Public Schools,Fraser,School,50100,50,21.109,8.15,5215.989,17A,portrait,lower,21108585.29,22382.78717
163,10080,10080,Clintondale Community Schools,Clintondale,School,50070,50,10.052,3.881,2483.892,17A,landscape,lower,10052063.54,14647.98369
164,32670,32670,Lake Shore Public Schools (Macomb),Lake Shore,School,50120,50,11.427,4.412,2823.693,17A,landscape,lower,11427203.99,17462.57857
165,30210,30210,Roseville Community Schools,Roseville,School,50030,50,23.751,9.17,5868.889,17A,portrait,lower,23750805.52,24414.78073
166,35220,35220,Warren Woods Public Schools,Warren Woods,School,50240,50,12.871,4.97,3180.573,17A,portrait,lower,12871459.7,16152.07522
167,20880,20880,Lakeview Public Schools (Macomb),Lakeview,School,50130,50,10.045,3.878,2482.117,17A,portrait,lower,10044878.32,18565.37238
168,8580,8580,Center Line Public Schools,Center Line,School,50010,50,13.165,5.083,3253.097,17A,portrait,lower,13164956.34,20321.87253
169,34680,34680,Van Dyke Public Schools,Van Dyke,School,50220,50,12.658,4.887,3127.82,17A,portrait,lower,12657974.9,16260.07193
170,12450,12450,East Detroit Public Schools,East Detroit,School,50020,50,15.79,6.096,3901.64,17A,landscape,lower,15789546.96,17264.67813
171,14460,14460,Fitzgerald Public Schools,Fitzgerald,School,50090,50,11.927,4.605,2947.093,17A,landscape,lower,11926589.87,16076.5235
172,32220,32220,South Lake Schools,South Lake,School,50200,50,10.848,4.189,2680.688,17A,landscape,lower,10848475.68,19609.99588
173,4320,4320,Bear Lake School District,Bear Lake,School,51020,51,140.833,54.376,34800.115,17A,portrait,lower,140832583.6,68131.05574
174,26490,26490,Onekama Consolidated Schools,Onekama,School,51060,51,211.203,81.546,52188.821,17A,portrait,lower,211202939.6,105959.2688
175,29190,29190,Powell Township Schools,Powell Township,School,52100,52,533.48,205.977,131824.363,17A,landscape,upper,533480016.4,145537.0233
176,13,13,Marquette Area Public Schools,Marquette,School,52170,52,333.07,128.598,82302.49,17A,landscape,upper,333069945.5,143982.9157
177,25020,25020,Negaunee Public Schools,Negaunee,School,52090,52,301.954,116.585,74613.619,17A,portrait,upper,301953856.2,86613.58333
178,19530,19530,Ishpeming Public School District,Ishpeming,School,52180,52,26.717,10.315,6601.75,17A,portrait,upper,26716622.47,26059.83985
179,14690,14690,Gwinn Area Community Schools,Gwinn,School,52040,52,921.362,355.738,227671.138,17A,landscape,upper,921362328.1,154969.301
180,29580,29580,Republic-Michigamme Schools,Republic-Michigamme,School,52110,52,747.925,288.774,184814.349,17A,portrait,upper,747925188.4,195979.2347
181,35790,35790,Wells Township School District,Wells Township,School,52160,52,390.608,150.814,96520.273,17A,landscape,upper,390607894.9,84525.17243
182,22200,22200,Ludington Area School District,Ludington,School,53040,53,204.878,79.103,50625.905,17A,portrait,lower,204877976,84344.02869
183,29220,29220,North Central Area Schools,North Central,School,55115,55,703.564,271.646,173852.481,17A,portrait,upper,703563606.2,143284.4568
184,8010,8010,Carney-Nadeau Public Schools,Carney-Nadeau,School,55010,55,283.733,109.549,70111.089,17A,landscape,upper,283732564.4,88260.18119
185,33000,33000,Stephenson Area Public Schools,Stephenson,School,55120,55,1026.07,396.166,253544.796,17A,landscape,upper,1026070434,207510.4086
186,23550,23550,Menominee Area Public Schools,Menominee,School,55100,55,228.3,88.147,56413.45,17A,portrait,upper,228299591.7,106737.2942
187,23820,23820,Midland Public Schools,Midland,School,56010,56,359.184,138.681,88755.291,17A,portrait,lower,359183785.5,135288.661
188,23580,23580,Meridian Public Schools,Meridian,School,56050,56,248.89,96.097,61501.471,17A,portrait,lower,248890302.8,97011.97339
189,7320,7320,Bullock Creek School District,Bullock Creek,School,56020,56,196.547,75.887,48567.176,17A,landscape,lower,196546504.4,114765.2269
190,20610,20610,Lake City Area School District,Lake City,School,57020,83,688.988,266.018,170250.73,17A,landscape,lower,688987678.3,236247.358
191,12300,12300,Dundee Community Schools,Dundee,School,58050,58,189.376,73.118,46795.36,17A,landscape,lower,189376142.8,92078.44163
192,24150,24150,Monroe Public Schools,Monroe,School,58010,58,218.633,84.414,54024.825,17A,portrait,lower,218633064.5,107779.9131
193,19800,19800,Jefferson Schools (Monroe),Jefferson,School,58080,58,94.415,36.454,23330.112,17A,landscape,lower,94414632.04,84419.56038
194,19050,19050,Ida Public School District,Ida,School,58070,58,167.173,64.545,41308.845,17A,landscape,lower,167172764.7,82822.67874
195,33120,33120,Summerfield School District,Summerfield,School,58100,58,109.752,42.375,27119.901,17A,portrait,lower,109751526.6,68817.05713
196,4470,4470,Bedford Public Schools,Bedford,School,58030,58,102.849,39.71,25414.294,17A,landscape,lower,102849106.4,46018.53791
197,23100,23100,Mason Consolidated Schools (Monroe),Mason,School,58090,58,87.181,33.661,21542.762,17A,portrait,lower,87181405.19,88885.9262
198,3570,3570,Atlanta Community Schools,Atlanta,School,60010,4,500.371,193.193,123643.008,17A,portrait,lower,500370888.7,132454.3178
199,36300,36300,Whitehall District Schools,Whitehall,School,61240,61,162.617,62.787,40183.138,17A,portrait,lower,162617141.8,83702.17157
200,29540,29540,Reeths-Puffer Schools,Reeths-Puffer,School,61220,61,197.134,76.113,48712.262,17A,landscape,lower,197133654.9,93770.01067
201,25800,25800,North Muskegon Public Schools,North Muskegon,School,61230,61,11.28,4.355,2787.365,17A,landscape,lower,11280185.78,24088.53646
202,26760,26760,Orchard View Schools,Orchard View,School,61190,61,35.593,13.742,8795.062,17A,portrait,lower,35592736.08,31331.7581
203,24840,24840,Muskegon City School District,Muskegon,School,61010,61,44.717,17.265,11049.592,17A,landscape,lower,44716594.06,44889.51767
204,24870,24870,Muskegon Heights School District,Muskegon Heights,School,61020,61,8.183,3.16,2022.137,17A,portrait,lower,8183386.994,13160.02705
205,24120,24120,Mona Shores Public School District,Mona Shores,School,61060,61,52.687,20.342,13019.083,17A,landscape,lower,52686925.21,40496.57096
206,105,105,Big Jackson School District,Big Jackson,School,62470,62,153.96,59.444,38044.003,17A,landscape,lower,153960275.2,68738.39926
207,36060,36060,White Cloud Public Schools,White Cloud,School,62090,62,556.685,214.936,137558.314,17A,landscape,lower,556684739.8,161209.3961
208,25320,25320,Newaygo Public School District,Newaygo,School,62070,62,232.956,89.944,57563.986,17A,landscape,lower,232955693,131949.388
209,18450,18450,Holly Area School District,Holly,School,63210,63,253.478,97.868,62635.011,17A,portrait,lower,253477627.1,99147.47037
210,20730,20730,Lake Orion Community Schools,Lake Orion,School,63230,63,129.432,49.974,31982.883,17A,landscape,lower,129431527.5,74650.50144
211,9900,9900,Clarkston Community School District,Clarkston,School,63190,63,150.581,58.139,37208.949,17A,landscape,lower,150580895,68951.39913
212,28740,28740,Pontiac City School District,Pontiac,School,63030,63,103.494,39.959,25573.526,17A,portrait,lower,103493501.4,59291.63434
213,35310,35310,Waterford School District,Waterford,School,63300,63,102.796,39.689,25401.058,17A,landscape,lower,102795540.2,59140.9741
214,3690,3690,Avondale School District,Avondale,School,63070,63,31.537,12.176,7792.793,17A,landscape,lower,31536652.88,39154.82632
215,35160,35160,Walled Lake Consolidated Schools,Walled Lake Consolidated,School,63290,63,141.35,54.575,34928.063,17A,portrait,lower,141350376.2,80264.6442
216,34260,34260,Troy School District,Troy,School,63150,63,68.973,26.631,17043.484,17A,landscape,lower,68973277.18,43124.4061
217,6090,6090,Bloomfield Hills School District,Bloomfield Hills,School,63080,63,65.353,25.233,16148.845,17A,landscape,lower,65352762.69,58628.65657
218,35820,35820,West Bloomfield School District,West Bloomfield,School,63160,63,43.419,16.764,10728.98,17A,portrait,lower,43419109.77,43512.23204
219,5850,5850,Birmingham City School District,Birmingham,School,63010,63,63.75,24.614,15752.877,17A,landscape,lower,63750319.24,64362.45567
220,9930,9930,Clawson Public Schools,Clawson,School,63270,63,5.723,2.21,1414.119,17A,landscape,lower,5722799.7,11419.46203
221,21120,21120,Lamphere Public Schools,Lamphere,School,63280,63,13.306,5.138,3288.042,17A,portrait,lower,13306375.76,16161.68959
222,30300,30300,School District of the City of Royal Oak,Royal Oak,School,63040,63,31.814,12.283,7861.356,17A,landscape,lower,31814120,36182.24757
223,14070,14070,Farmington Public School District,Farmington,School,63200,63,89.867,34.698,22206.487,17A,portrait,lower,89867433.12,41235.30156
224,32310,32310,Southfield Public School District,Southfield,School,63060,63,67.913,26.221,16781.392,17A,landscape,lower,67912615.16,38788.62744
225,5010,5010,Berkley School District,Berkley,School,63050,63,12.435,4.801,3072.686,17A,landscape,lower,12434854.48,17133.72137
226,22290,22290,Madison Public Schools (Oakland),Madison,School,63140,63,6.163,2.379,1522.811,17A,portrait,lower,6162662.138,11646.47164
227,26130,26130,Novi Community School District,Novi,School,63100,63,47.702,18.418,11787.313,17A,landscape,lower,47702075.42,42569.55466
228,26190,26190,Oak Park City School District,Oak Park,School,63250,63,11.259,4.347,2782.24,17A,landscape,lower,11259447.88,18608.60941
229,18030,18030,Hazel Park City School District,Hazel Park,School,63130,63,9.72,3.753,2401.804,17A,landscape,lower,9719861.026,12410.9005
230,14280,14280,Ferndale Public Schools,Ferndale,School,63020,63,12.004,4.635,2966.337,17A,landscape,lower,12004467.5,15689.41641
231,17860,17860,Hart Public School District,Hart,School,64040,64,377.583,145.785,93301.819,17A,landscape,lower,377583132.5,158622.2965
232,31320,31320,Shelby Public Schools,Shelby,School,64080,64,388.47,149.988,95991.962,17A,landscape,lower,388469869.9,147670.626
233,26550,26550,Ontonagon Area Schools,Ontonagon,School,66050,27,1771.889,684.127,437838.535,17A,landscape,upper,1771888768,251752.3054
234,24000,24000,Mio-AuSable Schools,Mio-AuSable,School,68010,72,922.815,356.299,228030.094,17A,landscape,lower,922814988,135194.0793
235,32550,32550,Spring Lake Public Schools,Spring Lake,School,70300,70,90.872,35.086,22454.702,17A,landscape,lower,90871934.3,69115.64365
236,2550,2550,Allendale Public School District,Allendale,School,70040,70,82.762,31.954,20450.668,17A,landscape,lower,82761808.05,40938.51508
237,19830,19830,Jenison Public Schools,Jenison,School,70175,70,39.568,15.277,9777.34,17A,portrait,lower,39567917.74,33661.88237
238,35910,35910,West Ottawa Public School District,West Ottawa,School,70070,70,189.284,73.083,46772.551,17A,portrait,lower,189283838.1,66671.4407
239,30060,30060,Rogers City Area Schools,Rogers City,School,71080,16,487.931,188.39,120569.09,17A,portrait,lower,487931048.9,127511.7011
240,29130,29130,Posen Consolidated School District,Posen,School,71060,16,416.326,160.744,102875.395,17A,landscape,lower,416326436.7,126272.0648
241,30390,30390,Saginaw City School District,Saginaw,School,73010,73,127.416,49.195,31484.74,17A,portrait,lower,127415594.1,98064.00776
242,8070,8070,Carrollton School District,Carrollton,School,73030,73,9.099,3.513,2248.264,17A,portrait,lower,9098501.365,14251.70387
243,33410,33410,Swan Valley School District,Swan Valley,School,73255,73,88.227,34.065,21801.174,17A,portrait,lower,88227171.59,57663.1681
244,30450,30450,Saginaw Township Community Schools,Saginaw Township,School,73040,73,65.056,25.118,16075.529,17A,landscape,lower,65056060.39,44924.35455
245,6780,6780,Bridgeport-Spaulding Community School District,Bridgeport-Spaulding,School,73180,73,168.394,65.017,41610.705,17A,landscape,lower,168394360.1,68083.76843
246,32640,32640,St. Charles Community Schools,St. Charles,School,73240,73,180.948,69.864,44712.674,17A,landscape,lower,180947722.3,93713.87697
247,28830,28830,Port Huron Area School District,Port Huron,School,74010,74,309.717,119.582,76531.866,17A,portrait,lower,309716807.1,108866.2825
248,23040,23040,Marysville Public Schools,Marysville,School,74100,74,89.482,34.549,22111.22,17A,landscape,lower,89481894.89,58411.855
249,12420,12420,East China School District,East China,School,74050,74,336.176,129.798,83070.01,17A,portrait,lower,336176022.5,113985.9676
250,2190,2190,Algonac Community School District,Algonac,School,74030,74,120.762,46.626,29840.499,17A,portrait,lower,120761515.8,233273.296
251,8670,8670,Centreville Public Schools,Centreville,School,75030,75,161.768,62.459,39973.332,17A,portrait,lower,161768075.5,138963.2783
252,7410,7410,Burr Oak Community School District,Burr Oak,School,75020,75,66.766,25.779,16498.156,17A,portrait,lower,66766385.54,62443.44263
253,26100,26100,Nottawa Community School,Nottawa,School,75100,75,45.275,17.481,11187.63,17A,landscape,lower,45275218.8,94159.8411
254,33090,33090,Sturgis Public Schools,Sturgis,School,75010,75,176.469,68.135,43605.96,17A,landscape,lower,176468959.9,77064.35346
255,11700,11700,Deckerville Community School District,Deckerville,School,76090,76,454.958,175.66,112421.445,17A,landscape,lower,454958345.9,141850.1088
256,30840,30840,Sandusky Community School District,Sandusky,School,76210,76,396.408,153.053,97953.387,17A,portrait,lower,396407562.9,137688.8419
257,8160,8160,Carsonville-Port Sanilac School District,Carsonville-Port Sanilac,School,76070,76,208.415,80.469,51499.815,17A,landscape,lower,208414601.5,108715.7687
258,27690,27690,Peck Community School District,Peck,School,76180,76,172.319,66.533,42580.589,17A,portrait,lower,172319383.8,95307.85924
259,22470,22470,Manistique Area Schools,Manistique,School,77010,21,2274.485,878.179,562031.405,17A,portrait,upper,2274484894,323792.4846
260,10860,10860,Corunna Public School District,Corunna,School,78100,78,261.296,100.887,64567.058,17A,portrait,lower,261296427.8,171325.5969
261,27210,27210,Owosso Public Schools,Owosso,School,78110,78,274.508,105.988,67831.67,17A,portrait,lower,274507986.1,158179.1443
262,2010,2010,Akron-Fairgrove Schools,Akron-Fairgrove,School,79010,79,238.563,92.109,58949.468,17A,landscape,lower,238562600,140220.5206
263,20400,20400,Kingston Community School District,Kingston,School,79080,79,201.296,77.72,49740.717,17A,portrait,lower,201295709.3,116230.8993
264,8040,8040,Caro Community Schools,Caro,School,79020,79,304.632,117.618,75275.331,17A,landscape,lower,304631738.8,163190.9212
265,34710,34710,Vassar Public Schools,Vassar,School,79150,79,219.917,84.91,54342.074,17A,portrait,lower,219916939.8,119011.6636
266,3870,3870,Bangor Public Schools,Bangor,School,80020,80,222.818,86.03,55059.007,17A,landscape,lower,222818294.8,153079.7116
267,3960,3960,Bangor Township S/D #8,Bangor Township #8,School,80240,80,10.495,4.052,2593.38,17A,portrait,lower,10495147.5,34469.70795
268,27660,27660,Paw Paw Public School District,Paw Paw,School,80160,80,205.343,79.283,50740.794,17A,landscape,lower,205342919.5,103440.0531
269,21210,21210,Lawrence Public School District,Lawrence,School,80130,80,126.11,48.691,31162.138,17A,portrait,lower,126110056.8,74858.18531
270,17880,17880,Hartford Public School District,Hartford,School,80120,80,143.785,55.515,35529.582,17A,portrait,lower,143784666.4,66036.27067
271,2820,2820,Ann Arbor Public Schools,Ann Arbor,School,81010,81,268.658,103.729,66386.111,17A,landscape,lower,268657954.5,117058.709
272,36630,36630,School District of Ypsilanti,Ypsilanti,School,81020,81,104.543,40.364,25832.82,17A,portrait,lower,104542838,62275.98501
273,30660,30660,Saline Area Schools,Saline,School,81120,81,247.72,95.645,61212.247,17A,landscape,lower,247719842.6,106493.4009
274,25740,25740,Grosse Pointe Public Schools,Grosse Pointe,School,82055,82,28.639,11.058,7076.845,17A,portrait,lower,28639285.12,36011.55301
275,17760,17760,City of Harper Woods Schools,Harper Woods,School,82320,82,4.504,1.739,1113.011,17A,portrait,lower,4504243.073,11496.02311
276,1103,1103,Detroit City School District,Detroit,School,82015,82,370.37,143,91519.55,17A,landscape,lower,370370465.9,131596.8354
277,29460,29460,Redford Union School District,Redford Union,School,82110,82,14.536,5.612,3591.803,17A,portrait,lower,14535666.82,19562.917
278,21840,21840,Livonia Public Schools,Livonia,School,82095,82,101.567,39.215,25097.478,17A,portrait,lower,101566983.6,45054.86689
279,18330,18330,Highland Park City Schools,Highland Park,School,82070,82,7.645,2.952,1889.141,17A,landscape,lower,7645164.32,11410.2491
280,17520,17520,Hamtramck Public Schools,Hamtramck,School,82060,82,5.423,2.094,1340.13,17A,portrait,lower,5423372.965,10417.73454
281,32280,32280,South Redford School District,South Redford,School,82140,82,14.078,5.436,3478.829,17A,portrait,lower,14078473.09,16345.29643
282,11600,11600,Dearborn City School District,Dearborn,School,82030,82,68.968,26.628,17042.094,17A,landscape,lower,68967648.96,51991.96424
283,16,16,Crestwood School District,Crestwood,School,82230,82,14.065,5.43,3475.461,17A,portrait,lower,14064843.18,17036.63622
284,15,15,Wayne-Westland Community School District,Wayne-Westland,School,82160,82,73.096,28.223,18062.311,17A,landscape,lower,73096366.44,65315.95684
285,15540,15540,Garden City School District,Garden City,School,82050,82,15.346,5.925,3792.064,17A,landscape,lower,15346102.95,17866.32039
286,11640,11640,Westwood Community Schools,Westwood,School,82240,82,11.848,4.574,2927.652,17A,landscape,lower,11847915.38,23353.70486
287,23460,23460,Melvindale-North Allen Park Schools,Melvindale-Northern Allen Park,School,82045,82,14.697,5.675,3631.683,17A,landscape,lower,14697059.81,17925.13383
288,29760,29760,River Rouge School District,River Rouge,School,82120,82,8.87,3.425,2191.778,17A,landscape,lower,8869908.087,14848.43021
289,33540,33540,Taylor School District,Taylor,School,82150,82,70.208,27.107,17348.605,17A,portrait,lower,70208067.76,45960.67971
290,30120,30120,Romulus Community Schools,Romulus,School,82130,82,92.807,35.833,22932.794,17A,portrait,lower,92806723.96,42523.94617
291,11610,11610,Dearborn Heights School District #7,Dearborn Heights #7,School,82040,82,5.66,2.185,1398.569,17A,landscape,lower,5659869.176,10748.5335
292,2520,2520,Allen Park Public Schools,Allen Park,School,82020,82,9.683,3.739,2392.667,17A,portrait,lower,9682885.017,16300.12034
293,21600,21600,Lincoln Park Public Schools,Lincoln Park,School,82090,82,15.146,5.848,3742.682,17A,portrait,lower,15146258.05,16634.70343
294,12930,12930,Ecorse Public School District,Ecorse,School,82250,82,9.155,3.535,2262.119,17A,landscape,lower,9154568.895,13521.86524
295,36540,36540,Wyandotte City School District,Wyandotte,School,82170,82,18.061,6.973,4462.88,17A,portrait,lower,18060829.54,18493.29427
296,32340,32340,Southgate Community School District,Southgate,School,82405,82,18.703,7.221,4621.606,17A,portrait,lower,18703175.74,18629.29644
297,17220,17220,Grosse Ile Township Schools,Grosse Ile Township,School,82300,82,48.266,18.636,11926.664,17A,portrait,lower,48266015,33912.24607
298,29910,29910,Riverview Community School District,Riverview,School,82400,82,14.636,5.651,3616.502,17A,landscape,lower,14635622.19,16311.19718
299,36485,36485,Woodhaven-Brownstown School District,Woodhaven-Brownstown,School,82365,82,55.362,21.375,13680.057,17A,landscape,lower,55361821.18,44624.93492
300,33900,33900,Trenton Public Schools,Trenton,School,82155,82,16.442,6.348,4062.876,17A,portrait,lower,16442052.33,17400.79348
301,15870,15870,Gibraltar School District,Gibraltar,School,82290,82,65.27,25.201,16128.435,17A,landscape,lower,65270161.85,46755.42273
302,36660,36660,Zeeland Public Schools,Zeeland,School,70350,70,246.525,95.184,60917.081,17A,portrait,lower,246525335.8,126926.6371
303,18420,18420,Holland City School District,Holland,School,70020,70,45.101,17.414,11144.62,17A,landscape,lower,45101162.26,47667.15496
304,18840,18840,Hudsonville Public School District,Hudsonville,School,70190,70,204.443,78.936,50518.543,17A,portrait,lower,204443491.9,89867.8222
305,22980,22980,Martin Public Schools,Martin,School,3060,3,160.462,61.954,39650.523,17A,landscape,lower,160461702.2,108689.5025
306,2730,2730,Alpena Public Schools,Alpena,School,4010,4,1567.584,605.245,387354.307,17A,portrait,lower,1567584144,355805.1841
307,8730,8730,Charlevoix Public Schools,Charlevoix,School,15050,15,237.546,91.717,58698.327,17A,landscape,lower,237546258.1,101611.5575
308,6500,6500,Boyne City Public Schools,Boyne City,School,15020,15,255.605,98.689,63160.719,17A,portrait,lower,255605112.1,125356.0741
309,15730,15730,Gaylord Community Schools,Gaylord,School,69020,16,721.291,278.491,178232.954,17A,landscape,lower,721290940.4,183049.5137
310,6510,6510,Boyne Falls Public School District,Boyne Falls,School,15030,15,140.807,54.365,34793.684,17A,landscape,lower,140806560.2,67384.83223
311,12560,12560,East Jordan Public Schools,East Jordan,School,15060,15,299.283,115.553,73953.742,17A,portrait,lower,299283400.3,117670.3975
312,33510,33510,Tawas Area Schools,Tawas,School,35030,35,443.679,171.305,109634.278,17A,landscape,lower,443678961.3,162696.0785
313,36390,36390,Whittemore-Prescott Area Schools,Whittemore-Prescott,School,35040,35,427.847,165.192,105722.242,17A,landscape,lower,427847340.3,155729.4403
314,25400,25400,N.I.C.E. Community Schools,N.I.C.E.,School,52015,52,1642.824,634.295,405946.255,17A,landscape,upper,1642823899,294238.5619
315,33810,33810,Thornapple Kellogg School District,Thornapple-Kellogg,School,8050,41,303.984,117.368,75115.264,17A,portrait,lower,303983963.5,149607.2384
316,7620,7620,Caledonia Community Schools,Caledonia,School,41050,41,244.089,94.243,60314.967,17A,landscape,lower,244088639.9,127081.4163
317,20980,20980,Lakewood Public Schools,Lakewood,School,34090,34,558.332,215.572,137965.457,17A,landscape,lower,558332406.2,233804.741
318,35550,35550,Wayland Union Schools,Wayland Union,School,3040,3,231,89.189,57080.695,17A,portrait,lower,230999865.9,108830.0475
319,22620,22620,Maple Valley Schools,Maple Valley,School,23065,23,336.564,129.948,83165.946,17A,landscape,lower,336564267.7,155024.3809
320,11910,11910,Delton-Kellogg School District,Delton-Kellogg,School,8010,8,302.907,116.953,74849.207,17A,landscape,lower,302907253.6,172204.0184
321,32940,32940,Standish-Sterling Community Schools,Standish-Sterling,School,6050,9,554.972,214.275,137135.042,17A,landscape,lower,554971803,160364.773
322,28170,28170,Pinconning Area Schools,Pinconning,School,9090,9,501.439,193.606,123906.961,17A,landscape,lower,501439080.8,186881.6489
323,4260,4260,Bay City School District,Bay City,School,9010,9,596.919,230.471,147500.277,17A,landscape,lower,596918871.4,197113.5336
324,16020,16020,Glen Lake Community Schools,Glen Lake,School,45010,28,435.443,168.125,107599.196,17A,landscape,lower,435443187.1,131307.8895
325,33870,33870,Traverse City Area Public Schools,Traverse City,School,28010,28,734.522,283.599,181502.268,17A,portrait,lower,734521526.7,284598.3504
326,10380,10380,Coloma Community Schools,Coloma,School,11330,11,110.987,42.852,27425.212,17A,portrait,lower,110987089.2,73025.17806
327,10980,10980,Covert Public Schools,Covert,School,80040,80,95.263,36.781,23539.799,17A,portrait,lower,95263212.46,51092.55835
328,12150,12150,Dowagiac Union School District,Dowagiac Union,School,14020,14,312.149,120.521,77132.963,17A,portrait,lower,312149387,129315.3338
329,25560,25560,Niles Community School District,Niles,School,11300,11,185.032,71.441,45721.839,17A,landscape,lower,185031708.7,84442.15306
330,18540,18540,Homer Community Schools,Homer,School,13080,13,243.768,94.119,60235.727,17A,landscape,lower,243767964.1,124102.3468
331,21750,21750,Litchfield Community Schools,Litchfield,School,30040,30,149.349,57.664,36904.516,17A,landscape,lower,149348886.3,83100.6651
332,33750,33750,Tekonsha Community Schools,Tekonsha,School,13130,13,132.795,51.272,32813.887,17A,landscape,lower,132794520.1,86356.8235
333,34410,34410,Union City Community Schools,Union City,School,13135,13,260.251,100.483,64308.805,17A,portrait,lower,260251301.9,136147.65
334,7710,7710,Camden-Frontier Schools,Camden-Frontier,School,30010,30,248.055,95.774,61295.149,17A,landscape,lower,248055336.8,131534.6216
335,29250,29250,Quincy Community School District,Quincy,School,12040,12,279.095,107.759,68965.117,17A,portrait,lower,279094933,186299.7806
336,27810,27810,Pennfield Schools,Pennfield,School,13120,13,108.705,41.971,26861.246,17A,landscape,lower,108704777.8,74084.52368
337,4650,4650,Bellevue Community Schools,Bellevue,School,23010,13,217.807,84.095,53820.656,17A,portrait,lower,217806812.5,126169.4925
338,17970,17970,Hastings Area School District,Hastings,School,8030,8,451.301,174.248,111517.752,17A,portrait,lower,451301192.5,211617.0048
339,26370,26370,Olivet Community Schools,Olivet,School,23080,13,280.549,108.32,69324.379,17A,landscape,lower,280548830.2,135455.0717
340,10020,10020,Climax-Scotts Community Schools,Climax-Scotts,School,39020,39,158.501,61.197,39165.98,17A,landscape,lower,158500804.2,73722.24913
341,22970,22970,Marshall Public Schools,Marshall,School,13110,13,438.925,169.469,108459.67,17A,landscape,lower,438925439.4,219006.1643
342,11670,11670,Decatur Public Schools,Decatur,School,80050,80,210.524,81.284,52021.122,17A,landscape,lower,210524278.1,126392.8233
343,12810,12810,Eau Claire Public Schools,Eau Claire,School,11250,11,129.497,49.999,31999.147,17A,landscape,lower,129497349.9,75968.90179
344,33840,33840,Three Rivers Community Schools,Three Rivers,School,75080,75,309.207,119.385,76405.858,17A,portrait,lower,309206865.3,151092.4158
345,6600,6600,Brandywine Community Schools,Brandywine,School,11210,11,48.656,18.786,12022.936,17A,landscape,lower,48655617.72,41730.2266
346,36120,36120,White Pigeon Community Schools,White Pigeon,School,75070,75,152.263,58.789,37624.542,17A,landscape,lower,152262758.9,98738.36262
347,27930,27930,Public Schools of Petoskey,Petoskey,School,24070,15,446.938,172.563,110439.56,17A,landscape,lower,446937855.2,119764.3307
348,13110,13110,Ellsworth Community School,Ellsworth,School,5065,15,118.177,45.628,29201.87,17A,landscape,lower,118177046.8,54260.6951
349,27720,27720,Pellston Public Schools,Pellston,School,24040,15,644.771,248.946,159324.752,17A,landscape,lower,644771337.3,181305.7225
350,26400,26400,Onaway Area Community School District,Onaway,School,71050,16,1058.73,408.776,261615.143,17A,portrait,lower,1058730323,158572.8693
351,15990,15990,Gladwin Community Schools,Gladwin,School,26040,18,573.743,221.523,141773.564,17A,landscape,lower,573743435.5,148198.6559
352,4440,4440,Beaverton Rural Schools,Beaverton,School,26010,18,581.82,224.641,143769.305,17A,landscape,lower,581820001.8,163255.46
353,27960,27960,Pewamo-Westphalia Community Schools,Pewamo-Westphalia,School,19125,19,211.857,81.798,52350.536,17A,portrait,lower,211857384.3,133454.2231
354,15420,15420,Fulton Schools,Fulton,School,29050,29,269.935,104.222,66701.656,17A,portrait,lower,269934932.3,187915.6053
355,20550,20550,Laingsburg Community School District,Laingsburg,School,78040,78,117.824,45.492,29114.534,17A,landscape,lower,117823606.3,100706.8632
356,32820,32820,St. Johns Public Schools,St. Johns,School,19140,19,529.228,204.335,130773.784,17A,portrait,lower,529228428.5,226122.4582
357,23830,23830,Mid Peninsula School District,Mid Peninsula,School,21135,21,841.837,325.033,208020.11,17A,portrait,upper,841836581.9,140339.5664
358,4020,4020,Bark River-Harris School District,Bark River-Harris,School,21090,21,459.29,177.332,113491.812,17A,portrait,upper,459290014.1,126807.4764
359,13500,13500,Escanaba Area Public Schools,Escanaba,School,21010,21,470.892,181.812,116358.795,17A,portrait,upper,470892409,192028.3722
360,5690,5690,Big Bay De Noc School District,Big Bay de Noc,School,21065,21,1314.201,507.414,324742.724,17A,portrait,upper,1314201331,329656.3662
361,21150,21150,Lansing Public School District,Lansing,School,33020,33,133.584,51.577,33009.066,17A,portrait,lower,133584388.7,83528.59189
362,16410,16410,Grand Ledge Public Schools,Grand Ledge,School,23060,23,310.241,119.784,76661.28,17A,landscape,lower,310240535.6,188620.749
363,12690,12690,Eaton Rapids Public Schools,Eaton Rapids,School,23050,23,309.938,119.667,76586.619,17A,portrait,lower,309938386.6,180848.5042
364,18480,18480,Holt Public Schools,Holt,School,33070,33,83.505,32.241,20634.248,17A,landscape,lower,83504737.73,124329.3722
365,22260,22260,Mackinaw City Public Schools,Mackinaw City,School,16070,16,92.853,35.85,22944.165,17A,portrait,lower,92852739.78,59898.54146
366,23910,23910,Millington Community Schools,Millington,School,79100,79,245.12,94.641,60569.722,17A,landscape,lower,245119606.8,122807.3734
367,10110,10110,Clio Area School District,Clio,School,25150,25,153.538,59.281,37939.607,17A,landscape,lower,153537795.3,96872.60696
368,5820,5820,Birch Run Area School District,Birch Run,School,73170,73,166.374,64.237,41111.453,17A,landscape,lower,166373940,68235.51461
369,20940,20940,LakeVille Community Schools,Lakeville,School,25280,25,238.049,91.911,58822.488,17A,landscape,lower,238048725.5,107950.5515
370,12330,12330,Durand Area Schools,Durand,School,78030,78,165.416,63.867,40874.75,17A,landscape,lower,165416024.2,98297.00318
371,6570,6570,Brandon School District,Brandon,School,63180,63,143.471,55.394,35452.021,17A,landscape,lower,143470781.8,85639.84576
372,35850,35850,West Branch-Rose City Area Schools,West Branch-Rose City,School,65045,72,1339.621,517.228,331024.105,17A,portrait,lower,1339621450,180857.4067
373,17820,17820,Harrison Community Schools,Harrison,School,18060,18,640.207,247.184,158196.915,17A,landscape,lower,640207094.9,147490.2491
374,14570,14570,Forest Area Community Schools,Forest,School,40020,28,298.699,115.328,73809.287,17A,landscape,lower,298698802.8,120181.2203
375,32880,32880,St. Louis Public Schools,St. Louis,School,29100,29,224.636,86.732,55508.064,17A,portrait,lower,224635584.4,139286.6597
376,31380,31380,Shepherd Public School District,Shepherd,School,37060,29,291.331,112.483,71988.602,17A,landscape,lower,291330674.9,214935.5704
377,34920,34920,Vestaburg Community Schools,Vestaburg,School,59150,59,175.39,67.718,43339.416,17A,portrait,lower,175390280.7,85335.51804
378,23610,23610,Merrill Community Schools,Merrill,School,73230,73,261.134,100.824,64526.964,17A,portrait,lower,261134170.4,167203.6909
379,6630,6630,Breckenridge Community Schools,Breckenridge,School,29040,29,335.099,129.382,82803.921,17A,portrait,lower,335099187.4,171929.5415
380,3480,3480,Ashley Community Schools,Ashley,School,29020,29,155.485,60.033,38420.676,17A,landscape,lower,155484634,160578.7051
381,6990,6990,Columbia School District,Columbia,School,38040,38,232.737,89.86,57509.858,17A,landscape,lower,232736642.9,139936.1578
382,25650,25650,North Adams-Jerome Schools,North Adams-Jerome,School,30050,30,167.977,64.856,41507.453,17A,portrait,lower,167976513.2,109577.1812
383,19920,19920,Jonesville Community Schools,Jonesville,School,30030,30,196.908,76.026,48656.418,17A,landscape,lower,196907656.9,106833.5566
384,17640,17640,Hanover-Horton Schools,Hanover-Horton,School,38100,38,169.043,65.268,41771.085,17A,landscape,lower,169043404.5,100045.5174
385,29400,29400,Reading Community Schools,Reading,School,30070,30,204.5,78.958,50532.503,17A,landscape,lower,204499986.4,131848.7514
386,18810,18810,Hudson Area Schools,Hudson,School,46080,46,226.688,87.524,56015.31,17A,landscape,lower,226688356.5,133219.3582
387,7690,7690,Public Schools of Calumet,Calumet,School,31030,31,1085.228,419.007,268162.843,17A,portrait,upper,1085228209,709228.1013
388,20700,20700,Lake Linden-Hubbell School District,Lake Linden-Hubbell,School,31130,31,471.395,182.006,116482.87,17A,portrait,upper,471394528,139838.9993
389,3990,3990,Baraga Area Schools,Baraga,School,7020,31,538.083,207.754,132961.86,17A,portrait,upper,538083350.8,120897.9301
390,14,14,Ewen-Trout Creek Consolidated School District,Ewen-Trout Creek,School,66045,27,1783.975,688.793,440825.08,17A,landscape,upper,1783975017,233700.1687
391,24630,24630,Morrice Area Schools,Morrice,School,78060,78,137.427,53.061,33958.675,17A,portrait,lower,137427360.1,131441.3348
392,17940,17940,Haslett Public Schools,Haslett,School,33060,33,52.183,20.148,12894.665,17A,landscape,lower,52183419.75,51112.49565
393,12600,12600,East Lansing School District,East Lansing,School,33010,33,37.086,14.319,9164.037,17A,portrait,lower,37085941.45,44164.83582
394,14730,14730,Fowlerville Community Schools,Fowlerville,School,47030,47,302.418,116.764,74728.26,17A,portrait,lower,302417794.6,146823.7445
395,27900,27900,Perry Public School District,Perry,School,78080,78,185.751,71.718,45899.465,17A,portrait,lower,185750543.5,112372.0339
396,35520,35520,Waverly Community Schools,Waverly,School,33215,33,43.751,16.892,10810.957,17A,portrait,lower,43750860.13,58798.8575
397,8130,8130,Carson City-Crystal Area Schools,Carson City-Crystal,School,59020,59,395.033,152.522,97613.637,17A,portrait,lower,395032626.1,179255.0595
398,27390,27390,Palo Community School District,Palo,School,34040,34,53.842,20.789,13304.576,17A,landscape,lower,53842287.31,66434.58608
399,8640,8640,Central Montcalm Public Schools,Central Montcalm,School,59125,59,388.343,149.939,95960.604,17A,portrait,lower,388342969.3,182124.91
400,4530,4530,Belding Area School District,Belding,School,34080,34,261.514,100.971,64620.807,17A,landscape,lower,261513944.4,110882.8108
401,17160,17160,Greenville Public Schools,Greenville,School,59070,59,348.037,134.377,86000.827,17A,landscape,lower,348036748.7,140667.4542
402,22050,22050,Lowell Area Schools,Lowell,School,41170,41,348.019,134.37,85996.32,17A,portrait,lower,348018505.9,177174.8868
403,29120,29120,Portland Public School District,Portland,School,34110,34,288.924,111.554,71394.027,17A,landscape,lower,288924487.5,126046.0943
404,26970,26970,Oscoda Area Schools,Oscoda,School,35010,35,931.321,359.583,230131.934,17A,landscape,lower,931320924.1,169807.9152
405,9750,9750,Clare Public Schools,Clare,School,18010,18,324.225,125.183,80116.764,17A,portrait,lower,324224532.3,141719.2702
406,10200,10200,Coleman Community School District,Coleman,School,56030,56,299.179,115.513,73928.047,17A,portrait,lower,299179414.9,101146.3051
407,14100,14100,Farwell Area Schools,Farwell,School,18020,18,477.925,184.527,118096.448,17A,portrait,lower,477924515,156963.2889
408,33030,33030,Stockbridge Community Schools,Stockbridge,School,33200,33,332.643,128.434,82197.034,17A,landscape,lower,332643178,131829.8219
409,26010,26010,Northwest Community Schools,Northwest,School,38140,38,271.279,104.741,67033.758,17A,landscape,lower,271278916.8,145542.2879
410,21450,21450,Leslie Public Schools,Leslie,School,33100,33,192.148,74.189,47480.397,17A,landscape,lower,192148417.4,136481.6023
411,32610,32610,Springport Public Schools,Springport,School,38150,38,262.36,101.297,64829.755,17A,landscape,lower,262359534.9,119455.8455
412,8940,8940,Chelsea School District,Chelsea,School,81040,81,325.594,125.712,80455.15,17A,portrait,lower,325593946.6,114497.7664
413,22380,22380,Manchester Community Schools,Manchester,School,81080,81,244.951,94.576,60528.012,17A,landscape,lower,244950811.7,108978.2878
414,17250,17250,Gull Lake Community Schools,Gull Lake,School,39065,39,277.517,107.149,68575.087,17A,landscape,lower,277516519.2,137152.0537
415,28530,28530,Plainwell Community Schools,Plainwell,School,3010,3,173.113,66.839,42776.815,17A,portrait,lower,173113491.9,94742.95305
416,21240,21240,Lawton Community School District,Lawton,School,80140,80,112.984,43.623,27918.538,17A,portrait,lower,112983531.4,66131.28179
417,22350,22350,Mancelona Public Schools,Mancelona,School,5070,28,376.123,145.221,92940.991,17A,landscape,lower,376122896.8,159102.1308
418,13050,13050,Elk Rapids Schools,Elk Rapids,School,5060,28,334.436,129.126,82640.023,17A,portrait,lower,334435910.1,123304.0072
419,11030,11030,Crawford AuSable Schools,Crawford AuSable,School,20015,72,1173.942,453.259,290084.213,17A,portrait,lower,1173941802,182520.6694
420,20910,20910,Lakeview Community Schools (Montcalm),Lakeview,School,59090,59,494.505,190.929,122193.601,17A,portrait,lower,494505282.3,183630.2503
421,8520,8520,Cedar Springs Public Schools,Cedar Springs,School,41070,41,290.853,112.298,71870.588,17A,landscape,lower,290853083.2,147402.0902
422,33930,33930,Tri County Area Schools,Tri County,School,59080,59,328.914,126.994,81275.665,17A,landscape,lower,328914489.2,149256.6864
423,32370,32370,Sparta Area Schools,Sparta,School,41240,41,190.427,73.524,47055.129,17A,landscape,lower,190427400.3,120816.5083
424,16470,16470,Grandville Public Schools,Grandville,School,41130,41,103.725,40.048,25630.713,17A,portrait,lower,103724931.7,74962.85522
425,20010,20010,Kaleva Norman Dickson School District,Kaleva Norman Dickson,School,51045,51,761.112,293.866,188072.899,17A,portrait,lower,761112216.5,184428.3638
426,28200,28200,Pine River Area Schools,Pine River,School,67055,83,784.022,302.711,193733.903,17A,landscape,lower,784021733,249581.6077
427,7590,7590,Cadillac Area Public Schools,Cadillac,School,83010,83,655.964,253.268,162090.601,17A,landscape,lower,655964454.2,217622.7853
428,23160,23160,Mason County Eastern Schools,Mason County Eastern,School,53020,53,553.935,213.875,136878.963,17A,portrait,lower,553935473.4,202757.0871
429,22860,22860,Marlette Community Schools,Marlette,School,76140,76,378.598,146.177,93552.514,17A,portrait,lower,378597670.8,135238.8639
430,23280,23280,Mayville Community School District,Mayville,School,79090,79,243.765,94.118,60235.03,17A,landscape,lower,243765141.9,98437.07756
431,7040,7040,Brown City Community Schools,Brown City,School,76060,76,293.641,113.375,72559.512,17A,landscape,lower,293641089.7,119949.4535
432,11430,11430,Davison Community Schools,Davison,School,25140,25,158.073,61.032,39060.241,17A,portrait,lower,158072889,81354.5405
433,10050,10050,Clinton Community Schools,Clinton,School,46060,46,138.907,53.632,34324.367,17A,landscape,lower,138907279.5,114065.7959
434,1920,1920,Addison Community Schools,Addison,School,46020,46,193.64,74.765,47849.084,17A,portrait,lower,193640459.5,118464.8779
435,36270,36270,Whiteford Agricultural Schools,Whiteford,School,58110,58,111.947,43.223,27662.453,17A,landscape,lower,111947179.7,57396.27552
436,35040,35040,Waldron Area Schools,Waldron,School,30080,30,152.781,58.989,37752.531,17A,landscape,lower,152780715.8,108241.6646
437,14250,14250,Fenton Area Public Schools,Fenton,School,25100,25,96.701,37.336,23895.006,17A,portrait,lower,96700699.55,56395.78924
438,21690,21690,Linden Community Schools,Linden,School,25250,25,124.489,48.065,30761.511,17A,portrait,lower,124488760.1,97459.23398
439,7530,7530,Byron Area Schools,Byron,School,78020,78,187.438,72.37,46316.376,17A,landscape,lower,187437742,121533.3509
440,35730,35730,Webberville Community Schools,Webberville,School,33220,33,102.553,39.596,25341.098,17A,portrait,lower,102552890.1,82448.66105
441,18990,18990,Huron Valley Schools,Huron Valley,School,63220,63,257.203,99.306,63555.525,17A,portrait,lower,257202852.4,90075.21592
442,25350,25350,Tahquamenon Area Schools,Tahquamenon,School,48040,17,3317.676,1280.956,819806.831,17A,landscape,upper,3317676264,309796.0874
443,28020,28020,Pickford Public Schools,Pickford,School,17090,17,629.261,242.958,155492.031,17A,landscape,upper,629260701.9,156756.0826
444,30360,30360,Rudyard Area Schools,Rudyard,School,17110,17,1039.483,401.345,256859.007,17A,landscape,upper,1039482717,191273.7276
445,3240,3240,Armada Area Schools,Armada,School,50050,50,191.91,74.096,47421.41,17A,portrait,lower,191909703.8,85689.84318
446,29670,29670,Richmond Community Schools,Richmond,School,50180,50,184.892,71.387,45687.371,17A,landscape,lower,184892220,103704.0133
447,27240,27240,Oxford Community Schools,Oxford,School,63110,63,200.492,77.41,49542.047,17A,landscape,lower,200491709.9,97964.91831
448,29940,29940,Rochester Community School District,Rochester,School,63260,63,159.521,61.591,39418.164,17A,portrait,lower,159521369.2,80132.36218
449,22410,22410,Manistee Area Schools,Manistee,School,51070,51,199.893,77.179,49394.09,17A,landscape,lower,199892940.9,100910.252
450,9560,9560,Chippewa Hills School District,Chippewa Hills,School,54025,54,952.946,367.933,235475.494,17A,portrait,lower,952945776.7,262041.8223
451,29490,29490,Reed City Area Public Schools,Reed City,School,67060,54,559.423,215.993,138234.985,17A,portrait,lower,559423161.9,163870.4443
452,13560,13560,Evart Public Schools,Evart,School,67020,54,519.757,200.678,128433.287,17A,portrait,lower,519756670.9,180912.1416
453,26040,26040,Norway-Vulcan Area Schools,Norway-Vulcan,School,22025,22,631.505,243.824,156046.694,17A,portrait,upper,631505366.2,144916.0212
454,18600,18600,Houghton Lake Community Schools,Houghton Lake,School,72020,72,1215.981,469.491,300472.118,17A,landscape,lower,1215980616,233802.2559
455,7080,7080,Flat Rock Community Schools,Flat Rock,School,82180,82,19.582,7.56,4838.683,17A,landscape,lower,19581667.24,31406.17237
456,1980,1980,Airport Community School District,Airport,School,58020,58,215.422,83.175,53231.43,17A,landscape,lower,215422273.3,102296.8039
457,18930,18930,Huron School District,Huron,School,82340,82,101.441,39.167,25066.427,17A,landscape,lower,101441324.7,48526.72338
458,23850,23850,Milan Area Schools,Milan,School,81100,81,217.487,83.972,53741.523,17A,landscape,lower,217486568.6,114068.4043
459,6930,6930,Britton-Macon Area School District,Britton-Macon,School,46050,46,208.634,80.554,51554.077,17A,portrait,lower,208634195.1,127227.6655
460,6000,6000,Blissfield Community Schools,Blissfield,School,46040,46,310.031,119.703,76609.409,17A,portrait,lower,310030617.6,110339.5863
461,12960,12960,Montabella Community Schools,Montabella,School,59045,59,382.034,147.504,94401.66,17A,portrait,lower,382034078,183949.8806
462,24600,24600,Morley Stanwood Community Schools,Morley Stanwood,School,54040,54,418.519,161.59,103417.153,17A,portrait,lower,418518875,128601.6166
463,2640,2640,Alma Public Schools,Alma,School,29010,29,263.916,101.898,65214.422,17A,landscape,lower,263916244.2,109055.5667
464,18360,18360,Hillman Community Schools,Hillman,School,60020,4,765.78,295.668,189226.396,17A,landscape,lower,765780303.4,207174.1446
465,24180,24180,Montague Area Public Schools,Montague,School,61180,61,250.644,96.774,61934.841,17A,landscape,lower,250644109.4,95574.39289
466,16500,16500,Grant Public School District,Grant,School,62050,62,304.342,117.506,75203.655,17A,landscape,lower,304341670.8,154959.9127
467,3810,3810,Baldwin Community Schools,Baldwin,School,43040,53,956.165,369.176,236270.916,17A,portrait,lower,956164769.5,219681.049
468,5780,5780,Big Rapids Public Schools,Big Rapids,School,54010,54,348.312,134.483,86068.881,17A,landscape,lower,348312155.5,153446.3971
469,35130,35130,Walkerville Public Schools,Walkerville Rural,School,64090,64,294.546,113.724,72783.221,17A,landscape,lower,294546416.6,100552.1676
470,15150,15150,Fremont Public School District,Fremont,School,62040,62,393.731,152.02,97291.94,17A,portrait,lower,393730751.7,151098.663
471,18510,18510,Holton Public Schools,Holton,School,61120,61,253.031,97.695,62524.608,17A,portrait,lower,253030838,110422.2048
472,26220,26220,Oakridge Public Schools,Oakridge,School,61065,61,97.384,37.6,24063.791,17A,portrait,lower,97383756.8,43463.47198
473,2670,2670,Almont Community Schools,Almont,School,44020,44,149.296,57.643,36891.444,17A,landscape,lower,149295983.4,95910.56715
474,16320,16320,Goodrich Area Schools,Goodrich,School,25050,25,125.243,48.356,30947.794,17A,landscape,lower,125242626.7,102497.4155
475,16350,16350,Grand Blanc Community Schools,Grand Blanc,School,25030,25,100.847,38.937,24919.504,17A,landscape,lower,100846742.2,58575.69897
476,30090,30090,Romeo Community Schools,Romeo,School,50190,50,224.15,86.545,55388.159,17A,portrait,lower,224150339.7,90671.55888
477,35190,35190,Warren Consolidated Schools,Warren Consolidated,School,50230,50,78.457,30.292,19386.869,17A,landscape,lower,78456720.44,46850.15735
478,27840,27840,Pentwater Public School District,Pentwater,School,64070,53,96.823,37.383,23925.151,17A,landscape,lower,96822692.32,101632.3799
479,23130,23130,Mason County Central Schools,Mason County Central,School,53010,53,592.931,228.931,146514.908,17A,landscape,lower,592931182.5,297535.4018
480,18270,18270,Hesperia Community Schools,Hesperia,School,62060,62,337.676,130.377,83440.659,17A,portrait,lower,337676003.6,124211.817
481,17370,17370,Hale Area Schools,Hale,School,35020,35,405.313,156.491,100153.85,17A,portrait,lower,405312615.6,115545.3838
482,1890,1890,Adams Township School District,Adams Township,School,31020,31,215.749,83.301,53312.058,17A,landscape,upper,215748566,113146.7606
483,18,18,L'Anse Area Schools,L'Anse,School,7040,31,1896.996,732.431,468752.762,17A,landscape,upper,1896995551,328442.3188
484,23310,23310,McBain Rural Agricultural Schools,McBain,School,57030,83,461.211,178.074,113966.479,17A,landscape,lower,461210943.7,184392.4111
485,22800,22800,Marion Public Schools,Marion,School,67050,83,429.469,165.818,106123.027,17A,landscape,lower,429469279.6,218617.7002
486,10560,10560,Fairview Area School District,Fairview,School,68030,72,834.389,322.158,206179.741,17A,landscape,lower,834388792,154241.3959
487,19890,19890,Johannesburg-Lewiston Area Schools,Johannesburg-Lewiston,School,69030,16,767.747,296.427,189712.315,17A,landscape,lower,767746767,181200.1366
488,34620,34620,Vanderbilt Area Schools,Vanderbilt,School,69040,16,352.009,135.911,86982.368,17A,landscape,lower,352008946.7,105223.6596
489,20310,20310,Kent City Community Schools,Kent City,School,41150,41,175.938,67.93,43474.846,17A,landscape,lower,175938355.3,144089.7925
490,29370,29370,Ravenna Public Schools,Ravenna,School,61210,61,230.711,89.077,57009.238,17A,landscape,lower,230710686.9,94952.51387
491,10830,10830,Coopersville Area Public School District,Coopersville,School,70120,70,284.56,109.869,70315.56,17A,portrait,lower,284560040.6,145510.8799
492,16380,16380,Grand Haven Area Public Schools,Grand Haven,School,70010,70,231.903,89.538,57303.93,17A,portrait,lower,231903274.1,101720.5576
493,15390,15390,Fruitport Community Schools,Fruitport,School,61080,61,124.495,48.068,30763.045,17A,portrait,lower,124494965.9,65379.53732
494,20280,20280,Kenowa Hills Public Schools,Kenowa Hills,School,41145,41,121.791,47.024,30094.906,17A,landscape,lower,121791075.7,108095.6136
495,15830,15830,Roscommon Area Public Schools,Roscommon,School,72010,72,889.224,343.33,219729.616,17A,portrait,lower,889223781.9,155593.3319
496,18180,18180,Hemlock Public School District,Hemlock,School,73210,73,221.479,85.513,54727.948,17A,portrait,lower,221478531.4,120767.332
497,15060,15060,Freeland Community School District,Freeland,School,73200,73,120.573,46.553,29793.793,17A,landscape,lower,120572500.6,61552.34442
498,24420,24420,Montrose Community Schools,Montrose,School,25260,25,92.874,35.859,22949.33,17A,portrait,lower,92873642.23,59861.68668
499,11140,11140,Croswell-Lexington Community Schools,Croswell-Lexington,School,76080,76,434.428,167.733,107348.442,17A,portrait,lower,434428410.6,163019.73
500,23490,23490,Memphis Community Schools,Memphis,School,74120,74,154.252,59.557,38115.997,17A,landscape,lower,154251627.5,104206.2673
501,7800,7800,Capac Community School District,Capac,School,74040,74,276.459,106.741,68313.695,17A,portrait,lower,276458690.7,118640.7953
502,2790,2790,Anchor Bay School District,Anchor Bay,School,50040,50,74.188,28.644,18332.136,17A,portrait,lower,74188319.63,52999.10574
503,3510,3510,Athens Area Schools,Athens,School,13050,13,192.808,74.443,47643.385,17A,portrait,lower,192808015.4,96792.7336
504,34950,34950,Vicksburg Community Schools,Vicksburg,School,39170,39,279.735,108.006,69123.283,17A,landscape,lower,279735013.7,122235.4667
505,22740,22740,Marcellus Community Schools,Marcellus,School,14050,14,268.535,103.682,66355.842,17A,portrait,lower,268535457.9,139072.6765
506,10410,10410,Colon Community School District,Colon,School,75040,75,263.137,101.597,65021.928,17A,portrait,lower,263137239.2,160176.748
507,23520,23520,Mendon Community School District,Mendon,School,75060,75,144.489,55.787,35703.67,17A,portrait,lower,144489180.3,108530.6059
508,6960,6960,Bronson Community School District,Bronson,School,12020,12,392.797,151.659,97061.086,17A,portrait,lower,392796509.3,112886.6187
509,10750,10750,Constantine Public School District,Constantine,School,75050,75,253.857,98.014,62728.829,17A,landscape,lower,253857298.3,186558.9419
510,7,7,Harbor Beach Community Schools,Harbor Beach,School,32060,32,310.595,119.921,76748.928,17A,portrait,lower,310595237.6,162383.2017
511,34380,34380,Ubly Community Schools,Ubly,School,32170,32,445.013,171.82,109964.029,17A,landscape,lower,445013429.1,154309.0238
512,8400,8400,Cass City Public Schools,Cass City,School,79030,79,509.843,196.851,125983.697,17A,landscape,lower,509843422.9,220388.6315
513,36600,36600,Yale Public Schools,Yale,School,74130,74,404.599,156.216,99977.518,17A,landscape,lower,404599019.1,157618.6656
514,24810,24810,Munising Public Schools,Munising,School,2070,52,809.976,312.732,200147.174,17A,portrait,upper,809975599.5,223032.5818
515,25290,25290,New Lothrop Area Public Schools,New Lothrop,School,78070,78,149.198,57.605,36867.221,17A,portrait,lower,149197957.5,133969.8878
516,9150,9150,Chesaning Union Schools,Chesaning Union,School,73110,73,423.91,163.672,104749.358,17A,landscape,lower,423910177.9,185757.2264
517,27150,27150,Ovid-Elsie Area Schools,Ovid-Elsie,School,19120,19,394.15,152.181,97395.46,17A,portrait,lower,394149687.1,208380.352
518,4170,4170,Bath Community Schools,Bath,School,19100,19,107.212,41.395,26492.377,17A,landscape,lower,107212000.8,72406.90947
519,34440,34440,Unionville-Sebewaing Area S.D.,Unionville-Sebewaing,School,79145,79,299.669,115.702,74049.052,17A,portrait,lower,299669108.5,194097.7259
520,27180,27180,Owendale-Gagetown Area Schools,Owendale-Gagetown,School,32090,32,159.065,61.415,39305.297,17A,landscape,lower,159064607.5,133839.8343
521,29520,29520,Reese Public Schools,Reese,School,79110,79,219.54,84.765,54249.001,17A,landscape,lower,219540283.7,173624.7469
522,14760,14760,Frankenmuth School District,Frankenmuth,School,73190,73,190.835,73.681,47155.852,17A,portrait,lower,190835017.9,90975.77564
523,27060,27060,Otsego Public Schools,Otsego,School,3020,3,212.532,82.059,52517.207,17A,portrait,lower,212531885.6,99335.52123
524,16050,16050,Gobles Public School District,Gobles,School,80110,80,146.667,56.628,36241.916,17A,portrait,lower,146667407.8,65670.20418
525,32300,32300,South Haven Public Schools,South Haven,School,80010,80,186.292,71.928,46033.374,17A,portrait,lower,186292461.4,74605.90068
526,6270,6270,Bloomingdale Public School District,Bloomingdale,School,80090,80,236.112,91.163,58343.986,17A,portrait,lower,236112276.5,131369.5396
527,23250,23250,Mattawan Consolidated School,Mattawan,School,80150,80,140.801,54.363,34792.329,17A,portrait,lower,140801075.8,92952.66808
528,35460,35460,Watervliet School District,Watervliet,School,11320,11,97.568,37.671,24109.197,17A,portrait,lower,97567510.72,68562.1634
529,25980,25980,Northville Public Schools,Northville,School,82390,82,67.009,25.872,16558.21,17A,landscape,lower,67009419.78,42536.24185
530,32250,32250,South Lyon Community Schools,South Lyon,School,63240,63,208.91,80.66,51622.195,17A,portrait,lower,208909859.3,84489.2669
531,36330,36330,Whitmore Lake Public Schools,Whitmore Lake,School,81140,81,64.795,25.017,16010.904,17A,portrait,lower,64794528.34,61259.0935
532,12030,12030,Dexter Community School District,Dexter,School,81050,81,217.734,84.067,53802.737,17A,portrait,lower,217734295.2,108520.1288
533,28140,28140,Pinckney Community Schools,Pinckney,School,47080,47,181.705,70.156,44899.737,17A,landscape,lower,181704744.8,90502.5342
534,28560,28560,Plymouth-Canton Community Schools,Plymouth-Canton,School,82100,82,154.822,59.777,38256.835,17A,landscape,lower,154821584.2,77950.91508
535,34560,34560,Van Buren Public Schools,Van Buren,School,82430,82,146.952,56.738,36312.31,17A,portrait,lower,146952286.5,70047.60933
536,16830,16830,Grass Lake Community Schools,Grass Lake,School,38050,38,167.521,64.68,41394.818,17A,portrait,lower,167520689.2,84289.28428
537,9840,9840,Clarenceville School District,Clarenceville,School,63090,63,9.58,3.699,2367.23,17A,landscape,lower,9579942.295,15956.21875
538,21570,21570,Lincoln Consolidated School District,Lincoln,School,81070,81,154.848,59.787,38263.416,17A,portrait,lower,154848219.8,64988.38309
539,22500,22500,Manton Consolidated Schools,Manton,School,83060,83,377.555,145.774,93294.758,17A,landscape,lower,377554557.1,121001.8948
540,20380,20380,Kingsley Area Schools,Kingsley,School,28090,28,319.395,123.318,78923.281,17A,landscape,lower,319394624.2,139661.4103
541,7170,7170,Buckley Community School District,Buckley,School,28035,28,184.097,71.08,45490.897,17A,landscape,lower,184097110.3,94761.13656
542,4950,4950,Benzie County Central Schools,Benzie County Central,School,10015,28,908.944,350.944,224602.566,17A,portrait,lower,908944124.5,190013.4651
543,23670,23670,Mesick Consolidated Schools,Mesick,School,83070,83,516.594,199.457,127651.722,17A,landscape,lower,516593753,207927.6963
