﻿line_2,var_name,chrtstat_2
10,rev_cohort,10
11A,completers_prog_sub_2yr_150pct,14
12A,completers_prog_2yr_sub_4yr_150_pct,15
18A,completers_bach_150pct,16
19,completers_bach_4yr,17
20,completers_bach_5yr,18
21,completers_bach_6yr,19
22,still_enrolled,31
23,not_enrolled_anymore,32
29A,completers_prog_150pct,13
30,transfers,20
45,exclusions,11
46,still_enrolled,21
47,still_enrolled,21
50,adj_cohort,12
55,completers_prog_sub_2yr_100pct,23
56,completers_prog_2yr_sub_4yr_100pct,24
57,completers_prog_100pct,22
